timestamp,precipitation_mm,temperature_c,relative_humidity_pct,surface_pressure_hpa,soil_moisture_0_to_7cm_m3m3
2023-07-25T00:00,0.3,26.2,90,1003.4,0.436
2023-07-25T01:00,2.3,25.6,92,1004.0,0.43
2023-07-25T02:00,0.7,25.9,91,1004.5,0.431
2023-07-25T03:00,1.9,26.4,89,1005.2,0.431
2023-07-25T04:00,1.5,26.2,86,1006.0,0.433
2023-07-25T05:00,1.0,26.3,91,1005.9,0.434
2023-07-25T06:00,0.9,27.2,85,1005.9,0.433
2023-07-25T07:00,2.5,26.7,87,1005.6,0.439
2023-07-25T08:00,2.5,26.4,88,1005.0,0.428
2023-07-25T09:00,2.3,25.8,91,1004.8,0.433
2023-07-25T10:00,1.2,25.7,93,1004.2,0.436
2023-07-25T11:00,1.6,25.8,91,1003.9,0.429
2023-07-25T12:00,1.1,25.7,90,1004.2,0.43
2023-07-25T13:00,2.2,25.8,91,1004.5,0.431
2023-07-25T14:00,1.8,26.1,89,1004.8,0.427
2023-07-25T15:00,2.1,26.1,88,1005.8,0.439
2023-07-25T16:00,2.9,26.0,90,1006.4,0.438
2023-07-25T17:00,2.8,25.6,93,1007.2,0.434
2023-07-25T18:00,0.4,25.7,92,1006.8,0.432
2023-07-25T19:00,6.8,25.3,95,1006.2,0.439
2023-07-25T20:00,6.0,25.5,92,1005.7,0.439
2023-07-25T21:00,1.3,25.0,93,1005.3,0.436
2023-07-25T22:00,0.9,25.1,93,1005.0,0.436
2023-07-25T23:00,1.8,24.8,94,1004.7,0.432
2023-07-26T00:00,2.4,25.5,91,1004.9,0.43
2023-07-26T01:00,0.4,25.7,92,1005.4,0.429
2023-07-26T02:00,1.5,25.8,92,1006.0,0.436
2023-07-26T03:00,1.5,25.6,93,1006.6,0.438
2023-07-26T04:00,1.1,26.0,89,1007.1,0.434
2023-07-26T05:00,2.3,26.2,89,1007.4,0.433
2023-07-26T06:00,1.8,26.5,86,1007.3,0.437
2023-07-26T07:00,0.5,27.1,85,1006.8,0.432
2023-07-26T08:00,8.1,26.3,87,1006.0,0.436
2023-07-26T09:00,1.0,26.5,90,1005.6,0.432
2023-07-26T10:00,7.7,26.6,87,1004.8,0.439
2023-07-26T11:00,18.4,26.4,88,1005.2,0.439
2023-07-26T12:00,3.7,26.2,90,1004.6,0.442
2023-07-26T13:00,4.0,25.9,91,1005.0,0.439
2023-07-26T14:00,4.0,25.8,92,1006.1,0.437
2023-07-26T15:00,6.6,25.7,92,1006.5,0.439
2023-07-26T16:00,2.6,25.9,92,1006.9,0.439
2023-07-26T17:00,5.4,25.8,93,1007.4,0.439
2023-07-26T18:00,4.1,25.8,91,1007.3,0.436
2023-07-26T19:00,2.6,25.5,94,1007.2,0.439
2023-07-26T20:00,5.6,25.4,93,1006.7,0.439
2023-07-26T21:00,6.6,25.5,92,1006.0,0.436
2023-07-26T22:00,7.3,25.6,91,1005.5,0.439
2023-07-26T23:00,7.0,25.7,90,1005.2,0.439
2023-07-27T00:00,6.1,25.4,93,1005.8,0.442
2023-07-27T01:00,10.5,25.6,91,1005.8,0.439
2023-07-27T02:00,8.9,25.5,93,1006.8,0.439
2023-07-27T03:00,8.0,25.7,90,1007.2,0.439
2023-07-27T04:00,6.3,25.9,89,1007.4,0.437
2023-07-27T05:00,6.0,26.3,91,1007.4,0.439
2023-07-27T06:00,4.4,26.3,92,1007.1,0.438
2023-07-27T07:00,2.5,26.0,91,1006.6,0.439
2023-07-27T08:00,2.0,26.3,88,1006.2,0.432
2023-07-27T09:00,0.7,27.2,85,1005.4,0.429
2023-07-27T10:00,2.4,26.4,88,1005.3,0.436
2023-07-27T11:00,0.6,26.6,88,1005.2,0.433
2023-07-27T12:00,0.1,26.6,87,1005.0,0.428
2023-07-27T13:00,0.1,26.5,86,1005.6,0.424
2023-07-27T14:00,0.4,26.4,85,1006.1,0.424
2023-07-27T15:00,0.4,26.3,86,1006.8,0.424
2023-07-27T16:00,0.8,26.0,88,1007.5,0.429
2023-07-27T17:00,0.5,25.7,90,1007.9,0.43
2023-07-27T18:00,1.1,25.3,91,1008.0,0.438
2023-07-27T19:00,1.1,25.3,91,1007.3,0.439
2023-07-27T20:00,3.4,25.0,93,1006.5,0.438
2023-07-27T21:00,4.6,25.1,92,1005.8,0.439
2023-07-27T22:00,4.4,25.3,93,1005.5,0.438
2023-07-27T23:00,3.0,25.2,92,1005.0,0.439
